earlene1914@zemlak.net,Samuel Moniz,613-742-6314
benny.schmidt@schneider.info,Luiz Gustavo Ribas,433-704-3767
marcus2040@grady.com,Ricardo Geraldes,505-578-3559
jeramie2087@rosenbaum.org,Kléber Geraldes Filho,569.545.5204
blanche1964@block.com,Janaína de Lins,321-725-1690
reina_bergnaum@mayer.biz,Isabella Ordonhes,630-743-7492
dagmar1988@monahan.org,Ladislau Bulhões,4242066049
harold.haag@toy.net,Emanuel da Aldeia,6338644503
presley1938@green.name,Dr. Bento Hernandes,(743) 913-5052
oleta.simonis@fritsch.com,Sophia Rezende,380/346-1352
alexie.hirthe@huel.biz,Núbia Resende,522.437.0031
bernie.oconnell@stiedemann.info,Rafael Fogaça,2068778986
eve_wisoky@gerlach.org,Lorena Carreira Jr.,(606) 403-0481
esta1950@lehner.com,Bruno Ramalho,955.817.2943
ernest_ziemann@funk.biz,Dr. Karla Barbosa,(443) 875-5460
lupe_heller@dickinson.name,Miguel Alves,688/701-7010
madisen_hodkiewicz@macejkovic.biz,Mércia Regueira,(661) 617-7313
colin2020@schmidt.info,Sra. Fabrício Passarinho Filho,(232) 926-0049
jacquelyn.wiza@beahan.biz,Sílvia dos Reis,220-574-2542
jerel1905@langosh.org,Sarah Ferreira,344.938.3636
jackson_deckow@walker.name,Emanuel Quaresma Neto,8689677995
sigmund.ohara@grant.org,Dra. Bernardo Espinheira Filho,3245661062
arnoldo.bauch@schoen.net,Vitor Hugo Ordonhes,638-612-3316
jarrell2044@grimes.biz,Srta. Yasmin Marcondes,(408) 807-1426
laurianne2060@schuster.org,Silas Raia,851/722-9927
marietta2074@howe.info,Norberto Aparício,770.949.1388
pietro2051@mitchell.com,Maria Clara Mangueira,461.443.0282
pat.towne@hane.com,Louise Paes,527-565-3611
ubaldo.hickle@mcdermott.name,Patricia Lima,871.652.6268
lysanne_rath@mann.biz,Isadora Ordonhes,647/857-7423
brennan2059@marks.net,Esther Nascimento,(407) 919-7711
zane1959@keebler.biz,Carolina Bentes,934-393-5666
blake_mohr@hilpert.org,Rodrigo Amoreira,735/737-0057
randall1977@huels.info,Maria Eduarda Godins Jr.,269-321-5789
nico.bailey@volkman.info,Eduarda Freitas,4575694908
elinor_pfannerstill@sporer.com,Sophie Palmeira,3306318312
lenora2039@howe.net,Luiz Henrique da Silva,522.357.4791
clarissa_ernser@herman.net,Arthur Ferreira,664.535.6640
betty1990@aufderhar.com,Luiz da Fontoura Jr.,601.385.0144
herman.lebsack@von.net,Patricia Limeira,2239962448
braeden2027@rohan.info,Marina Jaques Filho,966-956-3463
lexus1920@hickle.info,Sra. Bryan da Barranca Neto,(218) 846-4072
tristin_huel@goodwin.biz,Sr. Joaquim Barros Neto,401-373-9328
celestino_kovacek@morar.name,Maya Rocha Neto,2355531149
narciso_goodwin@frami.name,Washington Bouças,820-998-6236
aaron1971@jenkins.name,Isabel da Cunha,(745) 305-5287
humberto2077@kovacek.biz,Allana Resende,741-459-2625
luciano_hayes@quigley.org,Fabrício Henriques Jr.,749-548-1102
viola2004@robel.com,Enrico da Mata,330/284-8219
erin.waelchi@jacobson.net,José Pereira,363/688-5182
